Currency Name,Highest_Data,Highest_Price,Lowest_Data,Lowest_Price,Days_From_Highest_to_Lowest,Price_Remained_Percentage,White_Paper_En,White_Paper_Cn,Twitter,Telegram,Youtube,Reddit,Facebook,
BTC,16-Dec-17,19497.4,15-Dec-18,3236.76,364,0.166009827,1,,,,,,,
ETH,13-Jan-18,1396.42,14-Dec-18,84.31,335,0.060375818,1,,,,,,,
USDT,,,,,,,1,,,,,,,
XRP,7-Jan-18,3.38,17-Dec-19,0.183699,709,0.054348817,1,,,,,,,
BCH,20-Dec-17,3923.07,15-Dec-18,77.37,360,0.0197218,,,,,,,,称btc白皮书就是它的白皮书
ADA,,,,,,,,,Y,Y,Y,Y,Y,
LTC,18-Dec-17,358.34,14-Dec-18,23.46,361,0.065468549,,,,,,,,
EOS,29-Apr-18,21.54,7-Dec-18,1.74,222,0.080779944,1,,,,,,,
BNB,21-Jun-19,38.82,17-Dec-19,12.39,179,0.319165379,1,,,,,,,
BSV,22-Jun-19,238.34,17-Dec-19,81.01,178,0.33989259,,,,,,,,称btc白皮书就是它的白皮书
CRO,12-Jul-19,0.155013,3-Dec-19,0.025869,144,0.166882778,,,,,,,,
Tezos,17-Dec-17,10.56,6-Dec-18,0.349233,354,0.033071307,,,,,,,,
COMP,,,,,,,1,,,,,,,
XMR,,,,,,,,,,,,,,
,,,,,,,,,,,,,,
,,,,,,,,,,,,,,
# Price 用CMC的close的price,,,,,,,,,,,,,,
